Timestamp,Q1. Subject Category - Which subject are you going to study?,Q2. Time of Day - What time are you planning to have your study session?,  Q3. Fatigue Level - How do you feel now?,Q4. Phone Placement- Where is you phone/ device placed during your study session?,  Q5. Prior Sleep Quality- How much hours of sleep did you get the previous night?  ,Q6. Task Dread- How do you feel before starting the study session?,Q7. Session Focus Outcome [ Answer after your study session]- How efficient was your study session?
9/23/2026 10:52:39,3 = Languages,2 = Evening (4:00 PM – 8:00 PM),2 = Very Tired / Exhausted,2 = On desk / in hand,1 = 5 to 6 hours (Partial),2 = Dreading / Resisting heavily,1 = Medium Focus / Minor Distractions
9/23/2026 10:56:33,2 = Science (Physics/Chemistry/Biology),0 = Early Morning (5:00 AM – 8:00 AM),0 = Fully Energized & Fresh,0 = In another room,2 = 7+ hours (Well-rested),0 = Excited / Ready to start,0 = High Focus / Low Procrastination
9/23/2026 10:58:12,2 = Science (Physics/Chemistry/Biology),1 = Morning / Afternoon (8:00 AM – 4:00 PM),1 = Slightly Tired / Normal,1 = Same room (out of reach),2 = 7+ hours (Well-rested),1 = Neutral / Standard task,1 = Medium Focus / Minor Distractions
9/23/2026 11:37:39,2 = Science (Physics/Chemistry/Biology),2 = Evening (4:00 PM – 8:00 PM),1 = Slightly Tired / Normal,2 = On desk / in hand,1 = 5 to 6 hours (Partial),2 = Dreading / Resisting heavily,2 = Low Focus / High Procrastination
9/23/2026 13:01:43,2 = Science (Physics/Chemistry/Biology),3 = Night (8:00 PM – 12:00 AM),1 = Slightly Tired / Normal,2 = On desk / in hand,1 = 5 to 6 hours (Partial),1 = Neutral / Standard task,1 = Medium Focus / Minor Distractions
9/23/2026 14:43:22,2 = Science (Physics/Chemistry/Biology),2 = Evening (4:00 PM – 8:00 PM),1 = Slightly Tired / Normal,1 = Same room (out of reach),1 = 5 to 6 hours (Partial),1 = Neutral / Standard task,1 = Medium Focus / Minor Distractions
9/23/2026 15:32:55,1 = Mathematics / Numerical,2 = Evening (4:00 PM – 8:00 PM),2 = Very Tired / Exhausted,2 = On desk / in hand,1 = 5 to 6 hours (Partial),2 = Dreading / Resisting heavily,1 = Medium Focus / Minor Distractions
9/23/2026 15:34:31,3 = Languages,1 = Morning / Afternoon (8:00 AM – 4:00 PM),0 = Fully Energized & Fresh,0 = In another room,0 = Less than 5 hours (Deprived),0 = Excited / Ready to start,0 = High Focus / Low Procrastination
9/23/2026 15:36:01,3 = Languages,2 = Evening (4:00 PM – 8:00 PM),1 = Slightly Tired / Normal,1 = Same room (out of reach),1 = 5 to 6 hours (Partial),1 = Neutral / Standard task,0 = High Focus / Low Procrastination
9/23/2026 15:38:37,0 = Theory / Social Science,2 = Evening (4:00 PM – 8:00 PM),1 = Slightly Tired / Normal,2 = On desk / in hand,1 = 5 to 6 hours (Partial),1 = Neutral / Standard task,1 = Medium Focus / Minor Distractions
9/23/2026 15:42:57,2 = Science (Physics/Chemistry/Biology),3 = Night (8:00 PM – 12:00 AM),2 = Very Tired / Exhausted,2 = On desk / in hand,1 = 5 to 6 hours (Partial),1 = Neutral / Standard task,1 = Medium Focus / Minor Distractions
9/24/2026 17:13:20,0 = Theory / Social Science,2 = Evening (4:00 PM – 8:00 PM),1 = Slightly Tired / Normal,2 = On desk / in hand,1 = 5 to 6 hours (Partial),1 = Neutral / Standard task,1 = Medium Focus / Minor Distractions
9/24/2026 17:14:43,2 = Science (Physics/Chemistry/Biology),1 = Morning / Afternoon (8:00 AM – 4:00 PM),1 = Slightly Tired / Normal,1 = Same room (out of reach),1 = 5 to 6 hours (Partial),1 = Neutral / Standard task,0 = High Focus / Low Procrastination
9/24/2026 17:14:47,3 = Languages,2 = Evening (4:00 PM – 8:00 PM),1 = Slightly Tired / Normal,2 = On desk / in hand,1 = 5 to 6 hours (Partial),1 = Neutral / Standard task,1 = Medium Focus / Minor Distractions
9/24/2026 17:14:57,3 = Languages,2 = Evening (4:00 PM – 8:00 PM),1 = Slightly Tired / Normal,1 = Same room (out of reach),1 = 5 to 6 hours (Partial),2 = Dreading / Resisting heavily,1 = Medium Focus / Minor Distractions
9/24/2026 17:15:46,0 = Theory / Social Science,3 = Night (8:00 PM – 12:00 AM),2 = Very Tired / Exhausted,1 = Same room (out of reach),2 = 7+ hours (Well-rested),1 = Neutral / Standard task,1 = Medium Focus / Minor Distractions
9/24/2026 17:16:03,3 = Languages,2 = Evening (4:00 PM – 8:00 PM),1 = Slightly Tired / Normal,2 = On desk / in hand,1 = 5 to 6 hours (Partial),1 = Neutral / Standard task,1 = Medium Focus / Minor Distractions
9/24/2026 17:17:06,0 = Theory / Social Science,3 = Night (8:00 PM – 12:00 AM),2 = Very Tired / Exhausted,1 = Same room (out of reach),1 = 5 to 6 hours (Partial),1 = Neutral / Standard task,1 = Medium Focus / Minor Distractions
9/24/2026 17:17:55,1 = Mathematics / Numerical,1 = Morning / Afternoon (8:00 AM – 4:00 PM),2 = Very Tired / Exhausted,2 = On desk / in hand,2 = 7+ hours (Well-rested),1 = Neutral / Standard task,0 = High Focus / Low Procrastination
9/24/2026 17:21:08,3 = Languages,0 = Early Morning (5:00 AM – 8:00 AM),1 = Slightly Tired / Normal,1 = Same room (out of reach),1 = 5 to 6 hours (Partial),1 = Neutral / Standard task,1 = Medium Focus / Minor Distractions
9/24/2026 17:23:47,2 = Science (Physics/Chemistry/Biology),2 = Evening (4:00 PM – 8:00 PM),1 = Slightly Tired / Normal,2 = On desk / in hand,1 = 5 to 6 hours (Partial),1 = Neutral / Standard task,1 = Medium Focus / Minor Distractions
9/24/2026 17:25:08,2 = Science (Physics/Chemistry/Biology),3 = Night (8:00 PM – 12:00 AM),1 = Slightly Tired / Normal,1 = Same room (out of reach),0 = Less than 5 hours (Deprived),1 = Neutral / Standard task,1 = Medium Focus / Minor Distractions
9/24/2026 17:28:03,2 = Science (Physics/Chemistry/Biology),0 = Early Morning (5:00 AM – 8:00 AM),1 = Slightly Tired / Normal,2 = On desk / in hand,1 = 5 to 6 hours (Partial),0 = Excited / Ready to start,0 = High Focus / Low Procrastination
9/24/2026 17:58:02,1 = Mathematics / Numerical,3 = Night (8:00 PM – 12:00 AM),0 = Fully Energized & Fresh,2 = On desk / in hand,1 = 5 to 6 hours (Partial),1 = Neutral / Standard task,0 = High Focus / Low Procrastination
9/24/2026 18:18:13,2 = Science (Physics/Chemistry/Biology),2 = Evening (4:00 PM – 8:00 PM),1 = Slightly Tired / Normal,2 = On desk / in hand,2 = 7+ hours (Well-rested),1 = Neutral / Standard task,0 = High Focus / Low Procrastination
9/24/2026 18:20:31,3 = Languages,2 = Evening (4:00 PM – 8:00 PM),1 = Slightly Tired / Normal,2 = On desk / in hand,1 = 5 to 6 hours (Partial),1 = Neutral / Standard task,1 = Medium Focus / Minor Distractions
9/24/2026 18:21:57,1 = Mathematics / Numerical,2 = Evening (4:00 PM – 8:00 PM),1 = Slightly Tired / Normal,2 = On desk / in hand,1 = 5 to 6 hours (Partial),1 = Neutral / Standard task,1 = Medium Focus / Minor Distractions
9/24/2026 18:33:29,2 = Science (Physics/Chemistry/Biology),3 = Night (8:00 PM – 12:00 AM),2 = Very Tired / Exhausted,2 = On desk / in hand,0 = Less than 5 hours (Deprived),1 = Neutral / Standard task,2 = Low Focus / High Procrastination
9/24/2026 18:35:36,2 = Science (Physics/Chemistry/Biology),1 = Morning / Afternoon (8:00 AM – 4:00 PM),0 = Fully Energized & Fresh,2 = On desk / in hand,2 = 7+ hours (Well-rested),0 = Excited / Ready to start,1 = Medium Focus / Minor Distractions
9/24/2026 19:04:05,2 = Science (Physics/Chemistry/Biology),1 = Morning / Afternoon (8:00 AM – 4:00 PM),2 = Very Tired / Exhausted,1 = Same room (out of reach),2 = 7+ hours (Well-rested),1 = Neutral / Standard task,1 = Medium Focus / Minor Distractions
9/24/2026 19:05:28,1 = Mathematics / Numerical,2 = Evening (4:00 PM – 8:00 PM),1 = Slightly Tired / Normal,2 = On desk / in hand,1 = 5 to 6 hours (Partial),2 = Dreading / Resisting heavily,1 = Medium Focus / Minor Distractions
9/24/2026 19:32:12,0 = Theory / Social Science,2 = Evening (4:00 PM – 8:00 PM),2 = Very Tired / Exhausted,2 = On desk / in hand,1 = 5 to 6 hours (Partial),2 = Dreading / Resisting heavily,2 = Low Focus / High Procrastination
9/24/2026 19:56:38,0 = Theory / Social Science,3 = Night (8:00 PM – 12:00 AM),2 = Very Tired / Exhausted,1 = Same room (out of reach),0 = Less than 5 hours (Deprived),2 = Dreading / Resisting heavily,2 = Low Focus / High Procrastination
9/24/2026 20:27:18,2 = Science (Physics/Chemistry/Biology),3 = Night (8:00 PM – 12:00 AM),1 = Slightly Tired / Normal,1 = Same room (out of reach),1 = 5 to 6 hours (Partial),1 = Neutral / Standard task,1 = Medium Focus / Minor Distractions
9/24/2026 21:42:39,0 = Theory / Social Science,3 = Night (8:00 PM – 12:00 AM),2 = Very Tired / Exhausted,2 = On desk / in hand,0 = Less than 5 hours (Deprived),2 = Dreading / Resisting heavily,1 = Medium Focus / Minor Distractions
9/24/2026 22:20:34,1 = Mathematics / Numerical,1 = Morning / Afternoon (8:00 AM – 4:00 PM),2 = Very Tired / Exhausted,1 = Same room (out of reach),0 = Less than 5 hours (Deprived),1 = Neutral / Standard task,2 = Low Focus / High Procrastination
9/25/2026 8:17:37,1 = Mathematics / Numerical,1 = Morning / Afternoon (8:00 AM – 4:00 PM),1 = Slightly Tired / Normal,2 = On desk / in hand,2 = 7+ hours (Well-rested),1 = Neutral / Standard task,1 = Medium Focus / Minor Distractions